ITEM_ID,ITEM_TITLE
1,WHITE HANGING HEART T-LIGHT HOLDER
2,WHITE METAL LANTERN
3,CREAM CUPID HEARTS COAT HANGER
4,KNITTED UNION FLAG HOT WATER BOTTLE
5,RED WOOLLY HOTTIE WHITE HEART.
6,SET 7 BABUSHKA NESTING BOXES
7,GLASS STAR FROSTED T-LIGHT HOLDER
8,HAND WARMER UNION JACK
9,HAND WARMER RED POLKA DOT
10,ASSORTED COLOUR BIRD ORNAMENT
11,POPPY'S PLAYHOUSE BEDROOM 
12,POPPY'S PLAYHOUSE KITCHEN
13,FELTCRAFT PRINCESS CHARLOTTE DOLL
14,IVORY KNITTED MUG COSY 
15,BOX OF 6 ASSORTED COLOUR TEASPOONS
16,BOX OF VINTAGE JIGSAW BLOCKS 
17,BOX OF VINTAGE ALPHABET BLOCKS
18,HOME BUILDING BLOCK WORD
19,LOVE BUILDING BLOCK WORD
20,RECIPE BOX WITH METAL HEART
21,DOORMAT NEW ENGLAND
22,JAM MAKING SET WITH JARS
23,RED COAT RACK PARIS FASHION
24,YELLOW COAT RACK PARIS FASHION
25,BLUE COAT RACK PARIS FASHION
26,BATH BUILDING BLOCK WORD
27,ALARM CLOCK BAKELIKE PINK
28,ALARM CLOCK BAKELIKE RED 
29,ALARM CLOCK BAKELIKE GREEN
30,PANDA AND BUNNIES STICKER SHEET
31,STARS GIFT TAPE 
32,INFLATABLE POLITICAL GLOBE 
33,VINTAGE HEADS AND TAILS CARD GAME 
34,SET/2 RED RETROSPOT TEA TOWELS 
35,ROUND SNACK BOXES SET OF4 WOODLAND 
36,SPACEBOY LUNCH BOX 
37,LUNCH BOX I LOVE LONDON
38,CIRCUS PARADE LUNCH BOX 
39,CHARLOTTE BAG DOLLY GIRL DESIGN
40,RED TOADSTOOL LED NIGHT LIGHT
41, SET 2 TEA TOWELS I LOVE LONDON 
42,VINTAGE SEASIDE JIGSAW PUZZLES
43,MINI JIGSAW CIRCUS PARADE 
44,MINI JIGSAW SPACEBOY
45,MINI PAINT SET VINTAGE 
46,POSTAGE
47,PAPER CHAIN KIT 50'S CHRISTMAS 
48,HAND WARMER RED POLKA DOT
49,HAND WARMER UNION JACK
50,WHITE HANGING HEART T-LIGHT HOLDER
51,WHITE METAL LANTERN
52,CREAM CUPID HEARTS COAT HANGER
53,EDWARDIAN PARASOL RED
54,RETRO COFFEE MUGS ASSORTED
55,SAVE THE PLANET MUG
56,VINTAGE BILLBOARD DRINK ME MUG
57,VINTAGE BILLBOARD LOVE/HATE MUG
58,WOOD 2 DRAWER CABINET WHITE FINISH
59,WOOD S/3 CABINET ANT WHITE FINISH
60,WOODEN PICTURE FRAME WHITE FINISH
61,WOODEN FRAME ANTIQUE WHITE 
62,KNITTED UNION FLAG HOT WATER BOTTLE
63,RED WOOLLY HOTTIE WHITE HEART.
64,SET 7 BABUSHKA NESTING BOXES
65,GLASS STAR FROSTED T-LIGHT HOLDER
66,VICTORIAN SEWING BOX LARGE
67,WHITE HANGING HEART T-LIGHT HOLDER
68,WHITE METAL LANTERN
69,CREAM CUPID HEARTS COAT HANGER
70,EDWARDIAN PARASOL RED
71,RETRO COFFEE MUGS ASSORTED
72,SAVE THE PLANET MUG
73,VINTAGE BILLBOARD DRINK ME MUG
74,VINTAGE BILLBOARD LOVE/HATE MUG
75,WOOD 2 DRAWER CABINET WHITE FINISH
76,WOOD S/3 CABINET ANT WHITE FINISH
77,WOODEN PICTURE FRAME WHITE FINISH
78,WOODEN FRAME ANTIQUE WHITE 
79,KNITTED UNION FLAG HOT WATER BOTTLE
80,RED WOOLLY HOTTIE WHITE HEART.
81,SET 7 BABUSHKA NESTING BOXES
82,GLASS STAR FROSTED T-LIGHT HOLDER
83,HOT WATER BOTTLE TEA AND SYMPATHY
84,RED HANGING HEART T-LIGHT HOLDER
85,HAND WARMER RED POLKA DOT
86,HAND WARMER UNION JACK
87,JUMBO BAG PINK POLKADOT
88,JUMBO  BAG BAROQUE BLACK WHITE
89,JUMBO BAG CHARLIE AND LOLA TOYS
90,STRAWBERRY CHARLOTTE BAG
91,RED 3 PIECE RETROSPOT CUTLERY SET
92,BLUE 3 PIECE POLKADOT CUTLERY SET
93,SET/6 RED SPOTTY PAPER PLATES
94,LUNCH BAG RED RETROSPOT
95,STRAWBERRY LUNCH BOX WITH CUTLERY
96,LUNCH BOX WITH CUTLERY RETROSPOT 
97,PACK OF 72 RETROSPOT CAKE CASES
98,PACK OF 60 DINOSAUR CAKE CASES
99,PACK OF 60 PINK PAISLEY CAKE CASES
100,60 TEATIME FAIRY CAKE CASES
101,TOMATO CHARLIE+LOLA COASTER SET
102,CHARLIE & LOLA WASTEPAPER BIN FLORA
103,RED CHARLIE+LOLA PERSONAL DOORSIGN
104,JUMBO STORAGE BAG SUKI
105,JUMBO BAG PINK VINTAGE PAISLEY
106,JAM MAKING SET PRINTED
107,RETROSPOT TEA SET CERAMIC 11 PC 
108,GIRLY PINK TOOL SET
109,JUMBO SHOPPER VINTAGE RED PAISLEY
110,"AIRLINE LOUNGE,METAL SIGN"
111,WHITE SPOT RED CERAMIC DRAWER KNOB
112,RED DRAWER KNOB ACRYLIC EDWARDIAN
113,CLEAR DRAWER KNOB ACRYLIC EDWARDIAN
114,PHOTO CLIP LINE
115,FELT EGG COSY CHICKEN
116,PIGGY BANK RETROSPOT 
117,SKULL SHOULDER BAG
118,YOU'RE CONFUSING ME METAL SIGN 
119,COOK WITH WINE METAL SIGN 
120,GIN + TONIC DIET METAL SIGN
121,YELLOW BREAKFAST CUP AND SAUCER
122,PINK BREAKFAST CUP AND SAUCER 
123,PAPER CHAIN KIT 50'S CHRISTMAS 
124,PAPER CHAIN KIT RETROSPOT
125,SMALL HEART FLOWERS HOOK 
126,PHOTO CLIP LINE
127,TEA TIME DES TEA COSY
128,FELT EGG COSY WHITE RABBIT 
129,ZINC WILLIE WINKIE  CANDLE STICK
130,CERAMIC CHERRY CAKE MONEY BANK
131,RETROSPOT LARGE MILK JUG
132,SET OF 6 FUNKY BEAKERS
133,EDWARDIAN PARASOL BLACK
134,EDWARDIAN PARASOL NATURAL
135,CERAMIC STRAWBERRY CAKE MONEY BANK
136,BLUE OWL SOFT TOY
137,BALLOON ART MAKE YOUR OWN FLOWERS
138,RED TOADSTOOL LED NIGHT LIGHT
139,GLASS CLOCHE SMALL
140,GUMBALL MONOCHROME COAT RACK
141,DOORMAT FANCY FONT HOME SWEET HOME
142,Discount
143,INFLATABLE POLITICAL GLOBE 
144,VINTAGE SNAKES & LADDERS
145,CHOCOLATE CALCULATOR
146,JUMBO SHOPPER VINTAGE RED PAISLEY
147,RECYCLING BAG RETROSPOT 
148,TOY TIDY PINK POLKADOT
149,ANTIQUE GLASS DRESSING TABLE POT
150,ALARM CLOCK BAKELIKE GREEN
151,IVORY GIANT GARDEN THERMOMETER
152,3 TIER CAKE TIN GREEN AND CREAM
153,3 TIER CAKE TIN RED AND CREAM
154,SET 3 WICKER OVAL BASKETS W LIDS
155,SET OF 3 COLOURED  FLYING DUCKS
156,WOOD BLACK BOARD ANT WHITE FINISH
157,COLOUR GLASS T-LIGHT HOLDER HANGING
158,HANGING METAL HEART LANTERN
159,HANGING MEDINA LANTERN SMALL
160,NATURAL SLATE HEART CHALKBOARD 
161,HEART OF WICKER SMALL
162,HEART OF WICKER LARGE
163,WHITE LOVEBIRD LANTERN
164,CLASSIC METAL BIRDCAGE PLANT HOLDER
165,CREAM HEART CARD HOLDER
166,ENAMEL FLOWER JUG CREAM
167,ENAMEL FIRE BUCKET CREAM
168,ENAMEL BREAD BIN CREAM
169,SET 3 WICKER OVAL BASKETS W LIDS
170,JAM MAKING SET PRINTED
171,JAM MAKING SET WITH JARS
172,JUMBO BAG DOLLY GIRL DESIGN
173,TRADITIONAL CHRISTMAS RIBBONS
174,ORGANISER WOOD ANTIQUE WHITE 
175,LUNCH BAG DOLLY GIRL DESIGN
176,WHITE WIRE EGG HOLDER
177,JUMBO  BAG BAROQUE BLACK WHITE
178,JUMBO BAG RED RETROSPOT
179,CHILLI LIGHTS
180,LIGHT GARLAND BUTTERFILES PINK
181,WOODEN OWLS LIGHT GARLAND 
182,FAIRY TALE COTTAGE NIGHTLIGHT
183,RED TOADSTOOL LED NIGHT LIGHT
184,HOME BUILDING BLOCK WORD
185,LOVE BUILDING BLOCK WORD
186,DOORMAT FANCY FONT HOME SWEET HOME
187,HOME SMALL WOOD LETTERS
188,GINGHAM HEART  DOORSTOP RED
189,FIVE HEART HANGING DECORATION
190,HANGING METAL HEART LANTERN
191,ASSORTED BOTTLE TOP  MAGNETS 
192,FRIDGE MAGNETS US DINER ASSORTED
193,HOMEMADE JAM SCENTED CANDLES
194,FRIDGE MAGNETS LES ENFANTS ASSORTED
195,ROSE CARAVAN DOORSTOP
196,HEART OF WICKER SMALL
197,5 HOOK HANGER MAGIC TOADSTOOL
198,CHRISTMAS LIGHTS 10 REINDEER
199,VINTAGE UNION JACK CUSHION COVER
200,VINTAGE HEADS AND TAILS CARD GAME 
201,SET OF 3 COLOURED  FLYING DUCKS
202,SET OF 3 GOLD FLYING DUCKS
203,RED RETROSPOT UMBRELLA
204,BLACK/BLUE POLKADOT UMBRELLA
205,RED DINER WALL CLOCK
206,ALARM CLOCK BAKELIKE GREEN
207,ALARM CLOCK BAKELIKE RED 
208,BLUE DINER WALL CLOCK
209,IVORY DINER WALL CLOCK
210,LARGE HEART MEASURING SPOONS
211,SMALL HEART MEASURING SPOONS
212,CHRISTMAS LIGHTS 10 REINDEER
213,JAM MAKING SET WITH JARS
214,JAM MAKING SET PRINTED
215,JAM JAR WITH PINK LID
216,JAM JAR WITH GREEN LID
217,ROSE COTTAGE KEEPSAKE BOX 
218,HANGING HEART ZINC T-LIGHT HOLDER
219,PAPER CHAIN KIT VINTAGE CHRISTMAS
220,DISCO BALL CHRISTMAS DECORATION
221,WHITE HANGING HEART T-LIGHT HOLDER
222,SMALL POPCORN HOLDER
223,LARGE POPCORN HOLDER 
224,RETROSPOT LARGE MILK JUG
225,SET/20 RED RETROSPOT PAPER NAPKINS 
226,SET/6 RED SPOTTY PAPER PLATES
227,SET/6 RED SPOTTY PAPER CUPS
228,POLKADOT RAIN HAT 
229,DELUXE SEWING KIT 
230,RETROSPOT HEART HOT WATER BOTTLE
231,KNITTED UNION FLAG HOT WATER BOTTLE
232,ENGLISH ROSE HOT WATER BOTTLE
233,PHOTO CUBE
234,HOMEMADE JAM SCENTED CANDLES
235,JUMBO BAG RED RETROSPOT
236,PLASTERS IN TIN CIRCUS PARADE 
237,PACK OF 12 PINK PAISLEY TISSUES 
238,PACK OF 12 BLUE PAISLEY TISSUES 
239,PACK OF 12 RED RETROSPOT TISSUES 
240,CHICK GREY HOT WATER BOTTLE
241,PLASTERS IN TIN VINTAGE PAISLEY 
242,PLASTERS IN TIN SKULLS
243,3 STRIPEY MICE FELTCRAFT
244,SET OF 6 SOLDIER SKITTLES
245,TRADITIONAL WOODEN SKIPPING ROPE
246,WOODEN BOX OF DOMINOES
247,RUSTIC  SEVENTEEN DRAWER SIDEBOARD
248,PARTY CONES CARNIVAL ASSORTED
249,PARTY CONES CANDY ASSORTED
250,PICNIC BASKET WICKER SMALL
251,ASSORTED COLOUR BIRD ORNAMENT
252,STAR DECORATION PAINTED ZINC 
253,RETROSPOT LAMP
254,"FANCY FONT BIRTHDAY CARD, "
255,HAND WARMER UNION JACK
256,HAND WARMER SCOTTY DOG DESIGN
257,HAND WARMER OWL DESIGN
258,HAND WARMER RED RETROSPOT
259,RETROSPOT HEART HOT WATER BOTTLE
260,DOG BOWL CHASING BALL DESIGN
261,CLOTHES PEGS RETROSPOT PACK 24 
262,HAND OVER THE CHOCOLATE   SIGN 
263,WHITE HANGING HEART T-LIGHT HOLDER
264,TRAVEL SEWING KIT
265,BLACK HEART CARD HOLDER
266,ASSORTED COLOUR BIRD ORNAMENT
267,PACK OF 60 PINK PAISLEY CAKE CASES
268,60 TEATIME FAIRY CAKE CASES
269,PACK OF 72 RETROSPOT CAKE CASES
270,CHICK GREY HOT WATER BOTTLE
271,SMALL GLASS HEART TRINKET POT
272,ALARM CLOCK BAKELIKE IVORY
273,ALARM CLOCK BAKELIKE RED 
274,ALARM CLOCK BAKELIKE ORANGE
275,ALARM CLOCK BAKELIKE GREEN
276,HOT WATER BOTTLE TEA AND SYMPATHY
277,HAND WARMER BIRD DESIGN
278,HAND WARMER SCOTTY DOG DESIGN
279,WHITE HANGING HEART T-LIGHT HOLDER
280,WHITE METAL LANTERN
281,CREAM CUPID HEARTS COAT HANGER
282,EDWARDIAN PARASOL BLACK
283,EDWARDIAN PARASOL RED
284,RETRO COFFEE MUGS ASSORTED
285,SAVE THE PLANET MUG
286,VINTAGE BILLBOARD DRINK ME MUG
287,VINTAGE BILLBOARD LOVE/HATE MUG
288,WOOD 2 DRAWER CABINET WHITE FINISH
289,WOOD S/3 CABINET ANT WHITE FINISH
290,WOODEN PICTURE FRAME WHITE FINISH
291,WOODEN FRAME ANTIQUE WHITE 
292,KNITTED UNION FLAG HOT WATER BOTTLE
293,RED WOOLLY HOTTIE WHITE HEART.
294,SET 7 BABUSHKA NESTING BOXES
295,IVORY EMBROIDERED QUILT 
296,GLASS STAR FROSTED T-LIGHT HOLDER
297,SET OF 3 BLACK FLYING DUCKS
298,SET OF 3 COLOURED  FLYING DUCKS
299,PACK OF 12 RED RETROSPOT TISSUES 
300,RED RETROSPOT MUG
301,BABUSHKA LIGHTS STRING OF 10
302,PIGGY BANK RETROSPOT 
303,SET 7 BABUSHKA NESTING BOXES
304,DOORMAT FAIRY CAKE
305,HAND WARMER RED RETROSPOT
306,HAND WARMER SCOTTY DOG DESIGN
307,HAND WARMER OWL DESIGN
308,STRAWBERRY CERAMIC TRINKET BOX
309,PINK DOUGHNUT TRINKET POT 
310,SILK PURSE BABUSHKA PINK
311,HOT WATER BOTTLE TEA AND SYMPATHY
312,HOT WATER BOTTLE I AM SO POORLY
313,CHOCOLATE HOT WATER BOTTLE
314,WHITE SKULL HOT WATER BOTTLE 
315,SCOTTIE DOG HOT WATER BOTTLE
316,HAND WARMER RED POLKA DOT
317,HAND WARMER UNION JACK
318,HOMEMADE JAM SCENTED CANDLES
319,BIRD HOUSE HOT WATER BOTTLE
320,BOUDOIR SQUARE TISSUE BOX
321,SKULLS SQUARE TISSUE BOX
322,PHOTO FRAME CORNICE
323,SILK PURSE BABUSHKA RED
324,PICTURE DOMINOES
325,S/6 SEW ON CROCHET FLOWERS
326,SCANDINAVIAN REDS RIBBONS
327,BALLOONS  WRITING SET 
328,JAM MAKING SET PRINTED
329,LAVENDER INCENSE IN TIN
330,TV DINNER TRAY VINTAGE PAISLEY
331,SET OF 4 ENGLISH ROSE PLACEMATS
332,SET OF 4 ENGLISH ROSE COASTERS
333,TRIPLE PHOTO FRAME CORNICE 
334,FAMILY PHOTO FRAME CORNICE
335,MIRRORED DISCO BALL 
336,DISCO BALL ROTATOR BATTERY OPERATED
337,SILVER LOOKING MIRROR
338,LADIES & GENTLEMEN METAL SIGN
339,METAL SIGN HER DINNER IS SERVED 
340,YOU'RE CONFUSING ME METAL SIGN 
341,DOORMAT TOPIARY
342,BATHROOM METAL SIGN
343,KITCHEN METAL SIGN
344,TOILET METAL SIGN
345,METAL SIGN TAKE IT OR LEAVE IT 
346,I'M ON HOLIDAY METAL SIGN
347,GROW YOUR OWN BASIL IN ENAMEL MUG
348,SET/10 PINK POLKADOT PARTY CANDLES
349,SET 20 NAPKINS FAIRY CAKES DESIGN 
350,60 TEATIME FAIRY CAKE CASES
351,SET OF 6 T-LIGHTS SNOWMEN
352,SET OF 6 T-LIGHTS SANTA
353,SET OF 9 HEART SHAPED BALLOONS
354,SANDWICH BATH SPONGE
355,APPLE BATH SPONGE
356,STRAWBERRY BATH SPONGE 
357,BLACK PIRATE TREASURE CHEST
358,STAR PORTABLE TABLE LIGHT 
359,SNOWFLAKE PORTABLE TABLE LIGHT 
360,PINK OVAL JEWELLED MIRROR
361,RETROSPOT CIGAR BOX MATCHES 
362,COSY HOUR GIANT TUBE MATCHES
363,JAZZ HEARTS PURSE NOTEBOOK
364,LUNCH BAG DOLLY GIRL DESIGN
365,WHITE HANGING HEART T-LIGHT HOLDER
366,CANDLEHOLDER PINK HANGING HEART
367,WOOD 2 DRAWER CABINET WHITE FINISH
368,ASSORTED COLOUR MINI CASES
369,LUNCH BAG RED RETROSPOT
370,LUNCH BAG SPACEBOY DESIGN 
371,LUNCH BAG WOODLAND
372,LUNCH BAG PINK POLKADOT
373,GUMBALL COAT RACK
374,BLUE NEW BAROQUE CANDLESTICK CANDLE
375,PINK NEW BAROQUECANDLESTICK CANDLE
376,FAIRY CAKE FLANNEL ASSORTED COLOUR
377,BREAD BIN DINER STYLE PINK
378,JUMBO BAG CHARLIE AND LOLA TOYS
379,TEA TIME TABLE CLOTH
380,ENGLISH ROSE HOT WATER BOTTLE
381,ENAMEL FIRE BUCKET CREAM
382,PICNIC BASKET WICKER SMALL
383,PAPER CHAIN KIT 50'S CHRISTMAS 
384,PAPER CHAIN KIT VINTAGE CHRISTMAS
385,HOT WATER BOTTLE BABUSHKA 
386,HAND WARMER BIRD DESIGN
387,POSTAGE
388,HEART IVORY TRELLIS SMALL
389,CLEAR DRAWER KNOB ACRYLIC EDWARDIAN
390,PINK DRAWER KNOB ACRYLIC EDWARDIAN
391,GREEN DRAWER KNOB ACRYLIC EDWARDIAN
392,BLUE DRAWER KNOB ACRYLIC EDWARDIAN
393,HEART OF WICKER SMALL
394,SMALL POPCORN HOLDER
395,SET 6 FOOTBALL CELEBRATION CANDLES
396,SET OF 6 GIRLS CELEBRATION CANDLES
397,ROMANTIC PINKS RIBBONS 
398,BRIGHT BLUES RIBBONS 
399,SCANDINAVIAN REDS RIBBONS
400,CHOCOLATE BOX RIBBONS 
401,PARTY INVITES FOOTBALL
402,PARTY INVITES JAZZ HEARTS
403,PARTY INVITES SPACEMAN
404,SET OF 3 BUTTERFLY COOKIE CUTTERS
405,SET OF 3 HEART COOKIE CUTTERS
406,3 PIECE SPACEBOY COOKIE CUTTER SET
407,PACK OF 72 SKULL CAKE CASES
408,PACK OF 60 SPACEBOY CAKE CASES
409,PACK OF 72 RETROSPOT CAKE CASES
410,72 SWEETHEART FAIRY CAKE CASES
411,PACK OF 60 DINOSAUR CAKE CASES
412,LUNCH BAG SUKI  DESIGN 
413,LUNCH BAG CARS BLUE
414,LUNCH BAG  BLACK SKULL.
415,HEART IVORY TRELLIS LARGE
416,SET/5 RED RETROSPOT LID GLASS BOWLS
417,WHITE HANGING HEART T-LIGHT HOLDER
418,WHITE METAL LANTERN
419,CREAM CUPID HEARTS COAT HANGER
420,EDWARDIAN PARASOL RED
421,RETRO COFFEE MUGS ASSORTED
422,SAVE THE PLANET MUG
423,VINTAGE BILLBOARD DRINK ME MUG
424,VINTAGE BILLBOARD LOVE/HATE MUG
425,WOOD 2 DRAWER CABINET WHITE FINISH
426,WOOD S/3 CABINET ANT WHITE FINISH
427,WOODEN PICTURE FRAME WHITE FINISH
428,WOODEN FRAME ANTIQUE WHITE 
429,KNITTED UNION FLAG HOT WATER BOTTLE
430,RED WOOLLY HOTTIE WHITE HEART.
431,SET 7 BABUSHKA NESTING BOXES
432,IVORY EMBROIDERED QUILT 
433,GLASS STAR FROSTED T-LIGHT HOLDER
434,HAND WARMER RED POLKA DOT
435,HAND WARMER UNION JACK
436,MAGIC DRAWING SLATE DINOSAUR
437,MAGIC DRAWING SLATE BAKE A CAKE 
438,12 PENCILS TALL TUBE SKULLS
439,CHOCOLATE CALCULATOR
440,RED  HARMONICA IN BOX 
441,BLUE HARMONICA IN BOX 
442,SKULLS  WATER TRANSFER TATTOOS 
443,PACK 3 BOXES BIRD PANNETONE 
444,HOT WATER BOTTLE TEA AND SYMPATHY
445,RED WOOLLY HOTTIE WHITE HEART.
446,WHITE SKULL HOT WATER BOTTLE 
447,3 PIECE SPACEBOY COOKIE CUTTER SET
448,SET OF 20 KIDS COOKIE CUTTERS
449,10 COLOUR SPACEBOY PEN
450,VICTORIAN GLASS HANGING T-LIGHT
451,SINGLE HEART ZINC T-LIGHT HOLDER
452,RED HANGING HEART T-LIGHT HOLDER
453,HANGING METAL STAR LANTERN
454,SILVER HANGING T-LIGHT HOLDER
455,DOORMAT RED RETROSPOT
456,DOORMAT HEARTS
457,NATURAL SLATE RECTANGLE CHALKBOARD
458,LOVEBIRD HANGING DECORATION WHITE 
459,ASSORTED COLOUR BIRD ORNAMENT
460,HOME BUILDING BLOCK WORD
461,LOVE BUILDING BLOCK WORD
462,PHOTO FRAME CORNICE
463,PENS ASSORTED FUNNY FACE
464,CARD CIRCUS PARADE
465,WRAP COWBOYS  
466,AIRLINE BAG VINTAGE TOKYO 78
467,RED RETROSPOT UMBRELLA
468,BLACK/BLUE POLKADOT UMBRELLA
469,RED 3 PIECE RETROSPOT CUTLERY SET
470,PACK OF 72 RETROSPOT CAKE CASES
471,SET OF 72 RETROSPOT PAPER  DOILIES
472,BLUE COAT RACK PARIS FASHION
473,PLASTERS IN TIN SKULLS
474,SLEEPING CAT ERASERS
475,CARD BIRTHDAY COWBOY
476,PACK 3 BOXES CHRISTMAS PANNETONE
477,ROTATING SILVER ANGELS T-LIGHT HLDR
478,COSY HOUR GIANT TUBE MATCHES
479,RIBBON REEL MAKING SNOWMEN 
480,MINI PAINT SET VINTAGE 
481,4 TRADITIONAL SPINNING TOPS
482,SET OF 6 SOLDIER SKITTLES
483,BAG 500g SWIRLY MARBLES
484,5 STRAND GLASS NECKLACE CRYSTAL
485,WHITE SKULL HOT WATER BOTTLE 
486,SCOTTIE DOG HOT WATER BOTTLE
487,SQUARECUSHION COVER PINK UNION FLAG
488,SPACEBOY CHILDRENS EGG CUP
489,CHILDREN'S SPACEBOY MUG
490,HAND WARMER SCOTTY DOG DESIGN
491,FELTCRAFT CUSHION OWL
492,BLACK CANDELABRA T-LIGHT HOLDER
493,TOY TIDY DOLLY GIRL DESIGN
494,SET 12 LAVENDER  BOTANICAL T-LIGHTS
495,UNION JACK FLAG LUGGAGE TAG
496,RED HEART LUGGAGE TAG
497,RED GLASS TASSLE BAG CHARM
498,CLEAR ACRYLIC FACETED BANGLE
499,5 STRAND GLASS NECKLACE CRYSTAL
500,DOORMAT UNION JACK GUNS AND ROSES
501,VANILLA SCENT CANDLE JEWELLED BOX
502,FULL ENGLISH BREAKFAST PLATE
503,BLACK CANDELABRA T-LIGHT HOLDER
504,MAGIC DRAWING SLATE CIRCUS PARADE  
505,CHRISTMAS HANGING HEART WITH BELL
506,CAKE STAND VICTORIAN FILIGREE MED
507,PAISLEY PATTERN  STICKERS
508,FLOWERS  STICKERS
509,PINK NEW BAROQUECANDLESTICK CANDLE
510,BLUE NEW BAROQUE CANDLESTICK CANDLE
511,JUMBO STORAGE BAG SUKI
512,BLACK LOVE BIRD CANDLE
513,PARTY TIME PENCIL ERASERS
514,DISCO BALL CHRISTMAS DECORATION
515,PINK B'FLY C/COVER W BOBBLES
516,PINK UNION JACK  LUGGAGE TAG
517,6 RIBBONS ELEGANT CHRISTMAS 
518,UNION JACK FLAG LUGGAGE TAG
519,AGED GLASS SILVER T-LIGHT HOLDER
520,BOOM BOX SPEAKER GIRLS
521,6 RIBBONS SHIMMERING PINKS 
522, SET 2 TEA TOWELS I LOVE LONDON 
523,JUMBO BAG OWLS
524,SANDWICH BATH SPONGE
525,OWL DOORSTOP
526,5 STRAND GLASS NECKLACE CRYSTAL
527,HAND WARMER UNION JACK
528,HAND WARMER SCOTTY DOG DESIGN
529,LARGE POPCORN HOLDER 
530,PAINTED METAL STAR WITH HOLLY BELLS
531,PAINTED METAL HEART WITH HOLLY BELL
532,ANGEL DECORATION STARS ON DRESS
533,SMALL POPCORN HOLDER
534,JUMBO BAG RED RETROSPOT
535,JUMBO BAG STRAWBERRY
536,STRAWBERRY SHOPPER BAG
537,STRAWBERRY CHARLOTTE BAG
538, SET 2 TEA TOWELS I LOVE LONDON 
539,PACK OF 12 RED RETROSPOT TISSUES 
540,SCOTTIE DOG HOT WATER BOTTLE
541,CHOCOLATE HOT WATER BOTTLE
542,LUNCH BAG CARS BLUE
543,LUNCH BAG SPACEBOY DESIGN 
544,ROUND SNACK BOXES SET OF4 WOODLAND 
545,LUNCH BAG DOLLY GIRL DESIGN
546,LUNCH BAG SUKI  DESIGN 
547,LUNCH BAG  BLACK SKULL.
548,ROUND SNACK BOXES SET OF 4 FRUITS 
549,ROUND SNACK BOXES SET OF 4 SKULLS
550,DOLLY GIRL LUNCH BOX
551,SPACEBOY LUNCH BOX 
552,GREEN POLKADOT PLATE 
553,BLUE POLKADOT PLATE 
554,RED RETROSPOT PLATE 
555,PINK  POLKADOT PLATE 
556,ROUND SNACK BOXES SET OF 4 SKULLS
557,FELTCRAFT DOLL MOLLY
558,FELTCRAFT CHRISTMAS FAIRY
559,TRAVEL SEWING KIT
560,SET OF 3 NOTEBOOKS IN PARCEL
561,RED RETROSPOT TAPE
562,COSY SLIPPER SHOES SMALL  RED 
563,6 RIBBONS RUSTIC CHARM
564,SCANDINAVIAN REDS RIBBONS
565,JAM MAKING SET PRINTED
566,12 DAISY PEGS IN WOOD BOX
567,HOT WATER BOTTLE BABUSHKA 
568,FELTCRAFT PRINCESS CHARLOTTE DOLL
569,FELTCRAFT CHRISTMAS FAIRY
570,FELTCRAFT PRINCESS CHARLOTTE DOLL
571,6 RIBBONS RUSTIC CHARM
572,COSY SLIPPER SHOES SMALL  RED 
573,SCANDINAVIAN REDS RIBBONS
574,5 HOOK HANGER RED MAGIC TOADSTOOL
575,CHRISTMAS CRAFT TREE TOP ANGEL
576,CHRISTMAS CRAFT LITTLE FRIENDS
577,5 HOOK HANGER RED MAGIC TOADSTOOL
578,6 RIBBONS RUSTIC CHARM
579,12 DAISY PEGS IN WOOD BOX
580,SET OF 3 NOTEBOOKS IN PARCEL
581,5 HOOK HANGER MAGIC TOADSTOOL
582,SCANDINAVIAN REDS RIBBONS
583,RED TOADSTOOL LED NIGHT LIGHT
584,5 HOOK HANGER RED MAGIC TOADSTOOL
585,COSY SLIPPER SHOES SMALL GREEN
586,COSY SLIPPER SHOES SMALL  RED 
587,FELTCRAFT DOLL ROSIE
588,FELTCRAFT DOLL MOLLY
589,FELTCRAFT DOLL EMILY
590,FELTCRAFT PRINCESS CHARLOTTE DOLL
591,FELTCRAFT PRINCESS OLIVIA DOLL
592,REX CASH+CARRY JUMBO SHOPPER
593,FELTCRAFT DOLL MOLLY
594,FELTCRAFT CUSHION OWL
595,CHRISTMAS CRAFT TREE TOP ANGEL
596,CHRISTMAS CRAFT LITTLE FRIENDS
597,FELTCRAFT CUSHION RABBIT
598,FELTCRAFT CUSHION BUTTERFLY
599,12 DAISY PEGS IN WOOD BOX
600,PAPER CHAIN KIT 50'S CHRISTMAS 
601,FELTCRAFT CUSHION BUTTERFLY
602,12 DAISY PEGS IN WOOD BOX
603,ROSE COTTAGE KEEPSAKE BOX 
604,TOTE BAG I LOVE LONDON
605,12 DAISY PEGS IN WOOD BOX
606,TOTE BAG I LOVE LONDON
607,FOLDING UMBRELLA PINKWHITE POLKADOT
608,FOLDING UMBRELLA CREAM POLKADOT
609,FOLDING UMBRELLA WHITE/RED POLKADOT
610,SET 10 LIGHTS NIGHT OWL
611,SMALL POPCORN HOLDER
612, SET 2 TEA TOWELS I LOVE LONDON 
613,FOLDING UMBRELLA RED/WHITE POLKADOT
614,BABUSHKA LIGHTS STRING OF 10
615,LUNCH BAG RED RETROSPOT
616,S/4 VALENTINE DECOUPAGE HEART BOX
617,FOLDING UMBRELLA CREAM POLKADOT
618, SET 2 TEA TOWELS I LOVE LONDON 
619,FOLDING UMBRELLA RED/WHITE POLKADOT
620,SOLDIERS EGG CUP 
621,S/4 VALENTINE DECOUPAGE HEART BOX
622,RED RETROSPOT MINI CASES
623,
624,60 CAKE CASES VINTAGE CHRISTMAS
625,PAPER CHAIN KIT VINTAGE CHRISTMAS
626,RIBBON REEL CHRISTMAS SOCK BAUBLE
627,RIBBON REEL SNOWY VILLAGE
628,RIBBON REEL MAKING SNOWMEN 
629,SET OF 20 VINTAGE CHRISTMAS NAPKINS
630,TURQUOISE CHRISTMAS TREE 
631,RED STAR CARD HOLDER
632,WICKER WREATH SMALL
633,HEART OF WICKER LARGE
634,ADVENT CALENDAR GINGHAM SACK
635,HEART OF WICKER SMALL
636,FELTCRAFT BUTTERFLY HEARTS
637,PARTY CONE CHRISTMAS DECORATION 
638,VINTAGE HEADS AND TAILS CARD GAME 
639,WICKER STAR 
640,VINTAGE SNAP CARDS
641,FELTCRAFT 6 FLOWER FRIENDS
642, SET 2 TEA TOWELS I LOVE LONDON 
643,JAM MAKING SET PRINTED
644,BIRD DECORATION RED RETROSPOT
645,CHRISTMAS GINGHAM TREE
646,CHRISTMAS GINGHAM STAR
647,CHRISTMAS GINGHAM HEART
648,PACK OF 12 PINK POLKADOT TISSUES
649,FELTCRAFT PRINCESS LOLA DOLL
650,PACK OF 12 LONDON TISSUES 
651,PURPLE DRAWERKNOB ACRYLIC EDWARDIAN
652,CHILDREN'S APRON DOLLY GIRL 
653,CHILDRENS APRON SPACEBOY DESIGN
654,CHRISTMAS LIGHTS 10 SANTAS 
655,CHRISTMAS LIGHTS 10 REINDEER
656,PAPER CHAIN KIT 50'S CHRISTMAS 
657,FELTCRAFT CHRISTMAS FAIRY
658,PACK OF 72 RETROSPOT CAKE CASES
659,PACK OF 60 MUSHROOM CAKE CASES
660,60 CAKE CASES DOLLY GIRL DESIGN
661,PACK OF 60 PINK PAISLEY CAKE CASES
662,HAND WARMER BABUSHKA DESIGN
663,HAND WARMER BIRD DESIGN
664,HAND WARMER OWL DESIGN
665,HAND WARMER RED RETROSPOT
666,SET 12 RETRO WHITE CHALK STICKS
667,FELTCRAFT HAIRBAND RED AND BLUE
668,FELTCRAFT HAIRBAND PINK AND PURPLE
669,FELTCRAFT HAIRBANDS PINK AND WHITE 
670,TV DINNER TRAY DOLLY GIRL
671,PLASTERS IN TIN VINTAGE PAISLEY 
672,PLASTERS IN TIN SPACEBOY
673,PLASTERS IN TIN WOODLAND ANIMALS
674,MAGIC DRAWING SLATE SPACEBOY 
675,MAGIC DRAWING SLATE CIRCUS PARADE  
676,MAGIC DRAWING SLATE GO TO THE FAIR 
677,MAGIC DRAWING SLATE DOLLY GIRL 
678,CHARLIE + LOLA RED HOT WATER BOTTLE
679,HOT WATER BOTTLE BABUSHKA 
680,URBAN BLACK RIBBONS 
681,FELTCRAFT PRINCESS CHARLOTTE DOLL
682,SET OF 6 T-LIGHTS TOADSTOOLS
683,ROTATING LEAVES T-LIGHT HOLDER
684,RED  HARMONICA IN BOX 
685,CUPCAKE LACE PAPER SET 6
686,FAMILY PHOTO FRAME CORNICE
687,TRIPLE PHOTO FRAME CORNICE 
688,WOODEN FRAME ANTIQUE WHITE 
689,WOODEN BOX OF DOMINOES
690,TRADITIONAL WOODEN CATCH CUP GAME 
691,TRADITIONAL WOODEN SKIPPING ROPE
692,S/6 WOODEN SKITTLES IN COTTON BAG
693,RED METAL BEACH SPADE 
694,BOYS VINTAGE TIN SEASIDE BUCKET
695,GIRLS VINTAGE TIN SEASIDE BUCKET
696,GREY HEART HOT WATER BOTTLE
697,SCOTTIE DOG HOT WATER BOTTLE
698,BIRD HOUSE HOT WATER BOTTLE
699,KINGS CHOICE TEA CADDY 
700,KINGS CHOICE BISCUIT TIN
701,METAL SIGN EMPIRE TEA
702,HOMEMADE JAM SCENTED CANDLES
703,SET OF 6 SOLDIER SKITTLES
704,FAWN BLUE HOT WATER BOTTLE
705,HAND WARMER RED RETROSPOT
706,HOT WATER BOTTLE BABUSHKA 
707,WHITE SKULL HOT WATER BOTTLE 
708,RETROSPOT HEART HOT WATER BOTTLE
709,RED WOOLLY HOTTIE WHITE HEART.
710,SCOTTIE DOG HOT WATER BOTTLE
711,GREY HEART HOT WATER BOTTLE
712,HOT WATER BOTTLE BABUSHKA 
713,PACK OF 6 BIRDY GIFT TAGS
714,CHILLI LIGHTS
715,PIGGY BANK RETROSPOT 
716,CERAMIC STRAWBERRY MONEY BOX
717,CERAMIC STRAWBERRY CAKE MONEY BANK
718,CERAMIC CHERRY CAKE MONEY BANK
719,CERAMIC HEART FAIRY CAKE MONEY BANK
720,CERAMIC PIRATE CHEST MONEY BANK
721,DOORSTOP RETROSPOT HEART
722,GINGHAM HEART  DOORSTOP RED
723,RETROSPOT BABUSHKA DOORSTOP
724,SILK PURSE BABUSHKA RED
725,SILK PURSE BABUSHKA PINK
726,FAMILY PHOTO FRAME CORNICE
727,SWEETHEART WIRE WALL TIDY
728,JAM MAKING SET PRINTED
729,RED RETROSPOT OVEN GLOVE 
730,CREAM HEART CARD HOLDER
731,NAMASTE SWAGAT INCENSE
732,CERAMIC STRAWBERRY DESIGN MUG
733,BLACK HEART CARD HOLDER
734,CLASSICAL ROSE SMALL VASE
735,HYACINTH BULB T-LIGHT CANDLES
736,CHRISTMAS CRAFT WHITE FAIRY 
737,CHRISTMAS CRAFT LITTLE FRIENDS
738,COSY HOUR CIGAR BOX MATCHES 
739,RED TEA TOWEL CLASSIC DESIGN
740,HEART FILIGREE DOVE  SMALL
741,RETROSPOT CHILDRENS APRON
742,COLOURING PENCILS BROWN TUBE
743,4 IVORY DINNER CANDLES SILVER FLOCK
744,HEART FILIGREE DOVE  SMALL
745,ZINC METAL HEART DECORATION
746,GREEN FERN NOTEBOOK
747,BLUE PAISLEY NOTEBOOK
748,CHRYSANTHEMUM NOTEBOOK
749,LARGE CHINESE STYLE SCISSOR
750,SMALL CHINESE STYLE SCISSOR
751,S/6 WOODEN SKITTLES IN COTTON BAG
752,TRADITIONAL WOODEN SKIPPING ROPE
753,SET OF 6 SOLDIER SKITTLES
754,4 TRADITIONAL SPINNING TOPS
755,ROTATING SILVER ANGELS T-LIGHT HLDR
756,BLACK LOVE BIRD CANDLE
757,RETROSPOT CHILDRENS APRON
758,HANGING GLASS ETCHED TEALIGHT
759,HANGING GLASS ETCHED TEALIGHT
760,BLUE NEW BAROQUE CANDLESTICK CANDLE
761,COOKING SET RETROSPOT
762,KINGS CHOICE GIANT TUBE MATCHES
763,COSY HOUR GIANT TUBE MATCHES
764,PLACE SETTING WHITE STAR
765,HYACINTH BULB T-LIGHT CANDLES
766,S/15 SILVER GLASS BAUBLES IN BAG
767,FRENCH WC SIGN BLUE METAL
768,KINGS CHOICE GIANT TUBE MATCHES
769,72 SWEETHEART FAIRY CAKE CASES
770,ASSORTED COLOUR BIRD ORNAMENT
771,FAIRY SOAP SOAP HOLDER
772,GREEN GIANT GARDEN THERMOMETER
773,IVORY GIANT GARDEN THERMOMETER
774,BLUE GIANT GARDEN THERMOMETER
775,PACK OF 60 PINK PAISLEY CAKE CASES
776,RETROSPOT HEART HOT WATER BOTTLE
777,CHICK GREY HOT WATER BOTTLE
778,VICTORIAN SEWING BOX SMALL 
779,VICTORIAN SEWING BOX MEDIUM
780,SET/10 RED POLKADOT PARTY CANDLES
781,WASHROOM METAL SIGN
782,BLACK SWEETHEART BRACELET
783,DIAMANTE HAIR GRIP PACK/2 BLACK DIA
784,BLACK DIAMANTE EXPANDABLE RING
785,DIAMANTE HAIR GRIP PACK/2 RUBY
786,DIAMANTE HAIR GRIP PACK/2 MONTANA
787,BLUE SWEETHEART BRACELET
788,PINK SWEETHEART BRACELET
789,PURPLE SWEETHEART BRACELET
790,JUMBO BAG PINK POLKADOT
791,JUMBO BAG RED RETROSPOT
792,ASSORTED COLOUR BIRD ORNAMENT
793,PAPER CHAIN KIT 50'S CHRISTMAS 
794,RIBBON REEL CHRISTMAS PRESENT 
795,FIRST AID TIN
796,MAKE YOUR OWN MONSOON CARD KIT
797,PACK OF 12 HEARTS DESIGN TISSUES 
798,PACK OF 12 RED RETROSPOT TISSUES 
799,SOLDIERS EGG CUP 
800,HEART IVORY TRELLIS SMALL
801,HEART FILIGREE DOVE  SMALL
802,HEART FILIGREE DOVE LARGE
803,PACK 3 BOXES BIRD PANNETONE 
804,PACK 3 BOXES CHRISTMAS PANNETONE
805,SMALL POPCORN HOLDER
806,PACK OF 60 PINK PAISLEY CAKE CASES
807,SET OF 6 SOLDIER SKITTLES
808,SWIRLY CIRCULAR RUBBERS IN BAG
809,VINTAGE PAISLEY STATIONERY SET
810,PAPER CHAIN KIT VINTAGE CHRISTMAS
811,SET/10 BLUE POLKADOT PARTY CANDLES
812,RIBBON REEL SOCKS AND MITTENS
813,60 CAKE CASES VINTAGE CHRISTMAS
814,CHRISTMAS METAL TAGS ASSORTED 
815,CHRISTMAS TREE T-LIGHT HOLDER
816,STAR  T-LIGHT HOLDER 
817,HEART T-LIGHT HOLDER 
818,MINI FUNKY DESIGN TAPES
819,SET OF 6 T-LIGHTS SNOWMEN
820,STAR WOODEN CHRISTMAS DECORATION
821,WOODEN HEART CHRISTMAS SCANDINAVIAN
822,CHRISTMAS RETROSPOT TREE WOOD
823,SET OF 6 T-LIGHTS SANTA
824,SET/9 CHRISTMAS T-LIGHTS SCENTED 
825,BLUE ROSE FABRIC MIRROR
826,THREE CANVAS LUGGAGE TAGS
827,RETROSPOT PARTY BAG + STICKER SET
828,PLASTERS IN TIN VINTAGE PAISLEY 
829,RETROSPOT SMALL TUBE MATCHES
830,HAND WARMER SCOTTY DOG DESIGN
831,3D CHRISTMAS STAMPS STICKERS 
832,HAND WARMER SCOTTY DOG DESIGN
833,HAND WARMER SCOTTY DOG DESIGN
834,CLOTHES PEGS RETROSPOT PACK 24 
835,36 FOIL HEART CAKE CASES
836,CHRISTMAS METAL TAGS ASSORTED 
837,PACK OF 6 SWEETIE GIFT BOXES
838,PACK OF 72 RETROSPOT CAKE CASES
839,PACK OF 72 RETROSPOT CAKE CASES
840,PACK OF 6 BIRDY GIFT TAGS
841,SET/10 RED POLKADOT PARTY CANDLES
842,SET/10 PINK POLKADOT PARTY CANDLES
843,SET OF 3 NOTEBOOKS IN PARCEL
844,STAR  T-LIGHT HOLDER 
845,CINAMMON SET OF 9 T-LIGHTS
846,ORANGE SCENTED SET/9 T-LIGHTS
847,RIBBON REEL STRIPES DESIGN 
848,SET OF 2 TINS JARDIN DE PROVENCE
849,MAKE YOUR OWN PLAYTIME CARD KIT
850,DINOSAURS  WRITING SET 
851,BALLOONS  WRITING SET 
852,SKULLS WRITING SET 
853,VINTAGE PAISLEY STATIONERY SET
854,COSY SLIPPER SHOES SMALL  RED 
855,DOORMAT BLACK FLOCK 
856,JUMBO  BAG BAROQUE BLACK WHITE
857,JAM MAKING SET WITH JARS
858,ORANGE SCENTED SET/9 T-LIGHTS
859,CINAMMON SET OF 9 T-LIGHTS
860,HAND WARMER SCOTTY DOG DESIGN
861,CHRISTMAS DECOUPAGE CANDLE
862,HEART T-LIGHT HOLDER 
863,GROW YOUR OWN BASIL IN ENAMEL MUG
864,OFFICE MUG WARMER POLKADOT
865,SMALL POPCORN HOLDER
866,JUMBO BAG DOLLY GIRL DESIGN
867,JAM MAKING SET WITH JARS
868,JAM MAKING SET PRINTED
869,SMALL GLASS HEART TRINKET POT
870,RED WOOLLY HOTTIE WHITE HEART.
871,BLACK RECORD COVER FRAME
872,"RECORD FRAME 7"" SINGLE SIZE "
873,36 PENCILS TUBE RED RETROSPOT
874,36 PENCILS TUBE WOODLAND
875,SET OF 6 SOLDIER SKITTLES
876,ROCKING HORSE RED CHRISTMAS 
877,CHRISTMAS GINGHAM HEART
878,CHRISTMAS GINGHAM STAR
879,HAND WARMER UNION JACK
880,HAND WARMER RED RETROSPOT
881,REGENCY CAKESTAND 3 TIER
882,JUMBO SHOPPER VINTAGE RED PAISLEY
883,RIBBON REEL SNOWY VILLAGE
884,VINTAGE UNION JACK BUNTING
885,JAM MAKING SET WITH JARS
886,RIBBON REEL STRIPES DESIGN 
887,RETRO LONGBOARD IRONING BOARD COVER
888,3D DOG PICTURE PLAYING CARDS
889,RETROSPOT CIGAR BOX MATCHES 
890,SET/9 CHRISTMAS T-LIGHTS SCENTED 
891,ROTATING SILVER ANGELS T-LIGHT HLDR
892,ROTATING SILVER ANGELS T-LIGHT HLDR
893,SAVE THE PLANET COTTON TOTE BAG
894,SET OF 20 VINTAGE CHRISTMAS NAPKINS
895,PAPER BUNTING WHITE LACE
896,GENTLEMAN SHIRT REPAIR KIT 
897,CARD I LOVE LONDON 
898,PAPER CHAIN KIT VINTAGE CHRISTMAS
899,MIRRORED WALL ART FOXY
900,MIRRORED WALL ART GENTS
901,AIRLINE BAG VINTAGE JET SET WHITE
902,JAM MAKING SET PRINTED
903,POTTING SHED SOW 'N' GROW SET
904,BABUSHKA LIGHTS STRING OF 10
905,REX CASH+CARRY JUMBO SHOPPER
906,AIRLINE BAG VINTAGE WORLD CHAMPION 
907,HAND WARMER BIRD DESIGN
908,CHRISTMAS CRAFT LITTLE FRIENDS
909,PINK HEARTS PAPER GARLAND
910,POTTING SHED SEED ENVELOPES
911,HI TEC ALPINE HAND WARMER
912,FELTCRAFT CHRISTMAS FAIRY
913,HI TEC ALPINE HAND WARMER
914,ROTATING SILVER ANGELS T-LIGHT HLDR
915,3 STRIPEY MICE FELTCRAFT
916,FELTCRAFT 6 FLOWER FRIENDS
917,CHRISTMAS CRAFT LITTLE FRIENDS
918,VINTAGE UNION JACK CUSHION COVER
919,POLYESTER FILLER PAD 45x45cm
920,DOLLY GIRL LUNCH BOX
921,PACK OF 12 LONDON TISSUES 
922,CARD DOLLY GIRL 
923,CARD BILLBOARD FONT
924,RAINY LADIES BIRTHDAY CARD
925,GREY HEART HOT WATER BOTTLE
926,RED WOOLLY HOTTIE WHITE HEART.
927,RED WHITE SCARF  HOT WATER BOTTLE
928, SET 2 TEA TOWELS I LOVE LONDON 
929,SET OF 2 TEA TOWELS APPLE AND PEARS
930,SET/2 RED RETROSPOT TEA TOWELS 
931,LOVE BUILDING BLOCK WORD
932,HOME BUILDING BLOCK WORD
933,ASSORTED COLOUR BIRD ORNAMENT
934,LANTERN CREAM GAZEBO 
935,BLUE BIRDHOUSE DECORATION
936,WHITE HANGING HEART T-LIGHT HOLDER
937,REGENCY CAKESTAND 3 TIER
938,ANTIQUE SILVER TEA GLASS ENGRAVED
939,AGED GLASS SILVER T-LIGHT HOLDER
940,JAM MAKING SET WITH JARS
941,HAND WARMER OWL DESIGN
942,SET OF 2 WOODEN MARKET CRATES
943,SET OF 6 T-LIGHTS TOADSTOOLS
944,HAND WARMER UNION JACK
945,HAND WARMER SCOTTY DOG DESIGN
946,CLASSIC FRENCH STYLE BASKET NATURAL
947,CRAZY DAISY HEART DECORATION
948,GIN + TONIC DIET METAL SIGN
949,IVORY GIANT GARDEN THERMOMETER
950,CARD HOLDER GINGHAM HEART
951,SMALL STRIPES CHOCOLATE GIFT BAG 
952,S/6 WOODEN SKITTLES IN COTTON BAG
953,HAND WARMER RED RETROSPOT
954,HAND WARMER UNION JACK
955,FRENCH WC SIGN BLUE METAL
956,PINK UNION JACK  LUGGAGE TAG
957,"TRAY, BREAKFAST IN BED"
958,PIZZA PLATE IN BOX
959,HEART OF WICKER LARGE
960,PINK HEART DOTS HOT WATER BOTTLE
961,PLACE SETTING WHITE HEART
962,SET OF 4 NAPKIN CHARMS LEAVES   
963,SET OF 4 NAPKIN CHARMS STARS   
964,SET OF 4 NAPKIN CHARMS CUTLERY
965,CARAVAN SQUARE TISSUE BOX
966,PLASTERS IN TIN SKULLS
967,PLASTERS IN TIN SPACEBOY
968,BUTTON BOX 
969,PLASTERS IN TIN VINTAGE PAISLEY 
970,12 MESSAGE CARDS WITH ENVELOPES
971,SMALL RED BABUSHKA NOTEBOOK 
972,CUPCAKE LACE PAPER SET 6
973,PACK 3 BOXES CHRISTMAS PANNETONE
974,HERB MARKER MINT
975,HERB MARKER ROSEMARY
976,HERB MARKER BASIL
977,HERB MARKER CHIVES 
978,HERB MARKER PARSLEY
979,HERB MARKER THYME
980,WHITE HANGING HEART T-LIGHT HOLDER
981,METAL MERRY CHRISTMAS WREATH
982,WHITE CHRISTMAS GARLAND STARS TREES
983,RETROSPOT SMALL TUBE MATCHES
984,RETROSPOT GIANT TUBE MATCHES
985,PLACE SETTING WHITE STAR
986,GROW YOUR OWN BASIL IN ENAMEL MUG
987,36 FOIL STAR CAKE CASES 
988,36 FOIL HEART CAKE CASES
989,PACK OF 6 SWEETIE GIFT BOXES
990,PACK OF 6 HANDBAG GIFT BOXES
991,GARLAND WOODEN HAPPY EASTER
992,CALENDAR PAPER CUT DESIGN
993,CALENDAR IN SEASON DESIGN
994,SMALL POPCORN HOLDER
995,BLUE PAISLEY TISSUE BOX
996,HEART OF WICKER SMALL
997,SKULLS SQUARE TISSUE BOX
998,PINK PAISLEY SQUARE TISSUE BOX 
999,PACK OF 6 HANDBAG GIFT BOXES
1000,TOAST ITS - HAPPY BIRTHDAY
1001,SET/10 IVORY POLKADOT PARTY CANDLES
1002,SET/10 BLUE POLKADOT PARTY CANDLES
1003,SET/10 PINK POLKADOT PARTY CANDLES
1004,SET OF 3 HEART COOKIE CUTTERS
1005,PACK OF 12 HEARTS DESIGN TISSUES 
1006,SKULLS STORAGE BOX SMALL
1007,REX CASH+CARRY JUMBO SHOPPER
1008,JUMBO STORAGE BAG SKULLS
1009,GARDEN PATH JOURNAL
1010,HEART OF WICKER SMALL
1011,BLACK ORANGE SQUEEZER
1012,SET OF 72 GREEN PAPER DOILIES
1013,RETROSPOT RED WASHING UP GLOVES
1014,SMALL LICORICE DES PINK BOWL
1015,"SWISS ROLL TOWEL, CHOCOLATE  SPOTS"
1016,PICNIC BASKET WICKER LARGE
1017,CREAM SWEETHEART EGG HOLDER
1018,PINK 3 PIECE POLKADOT CUTLERY SET
1019,PINK PARTY BAGS
1020,BLUE PARTY BAGS 
1021,FELTCRAFT PRINCESS CHARLOTTE DOLL
1022,PINK CREAM FELT CRAFT TRINKET BOX 
1023,FELTCRAFT CUSHION BUTTERFLY
1024,RED RETROSPOT OVEN GLOVE DOUBLE
1025,RIDGED GLASS STORAGE JAR CREAM LID
1026,BOX OF 6 ASSORTED COLOUR TEASPOONS
1027,PACK OF 20 NAPKINS PANTRY DESIGN
1028,HAND WARMER OWL DESIGN
1029,HAND WARMER SCOTTY DOG DESIGN
1030,HAND WARMER RED RETROSPOT
1031,SWEETHEART CAKESTAND 3 TIER
1032,STAR DECORATION PAINTED ZINC 
1033,CHRISTMAS HANGING STAR WITH BELL
1034,SILK PURSE BABUSHKA PINK
1035,MULTICOLOUR  CONFETTI IN TUBE
1036,ORANGE SCENTED SET/9 T-LIGHTS
1037,SET/10 RED POLKADOT PARTY CANDLES
1038,PLACE SETTING WHITE HEART
1039,ZINC METAL HEART DECORATION
1040,AGED GLASS SILVER T-LIGHT HOLDER
1041,CHOCOLATE 3 WICK MORRIS BOX CANDLE
1042,SET OF 16 VINTAGE PISTACHIO CUTLERY
1043,CINAMMON SET OF 9 T-LIGHTS
1044,RIBBON REEL CHRISTMAS SOCK BAUBLE
1045,RETRO COFFEE MUGS ASSORTED
1046,CHRISTMAS LIGHTS 10 REINDEER
1047,CHRISTMAS TOILET ROLL
1048,PLACE SETTING WHITE HEART
1049,ZINC METAL HEART DECORATION
1050,SET/5 RED RETROSPOT LID GLASS BOWLS
1051,FELTCRAFT PRINCESS CHARLOTTE DOLL
1052,PINK HEARTS PAPER GARLAND
1053,BLUE 3 PIECE POLKADOT CUTLERY SET
1054,CHRISTMAS HANGING STAR WITH BELL
1055,WHITE BELL HONEYCOMB PAPER 
1056,BLACK/BLUE POLKADOT UMBRELLA
1057,SET/10 BLUE POLKADOT PARTY CANDLES
1058, 4 PURPLE FLOCK DINNER CANDLES
1059,PINK & WHITE BREAKFAST TRAY
1060,PIZZA PLATE IN BOX
1061,ENGLISH ROSE SPIRIT LEVEL 
1062,SET/10 RED POLKADOT PARTY CANDLES
1063,SET/10 PINK POLKADOT PARTY CANDLES
1064,LARGE ROUND WICKER PLATTER 
1065,FELTCRAFT HAIRBAND PINK AND PURPLE
1066,RIDGED GLASS STORAGE JAR CREAM LID
1067,HAND WARMER RED RETROSPOT
1068,SET/10 PINK POLKADOT PARTY CANDLES
1069,BLACK TEA TOWEL CLASSIC DESIGN
1070,JUMBO BAG RED RETROSPOT
1071,JUMBO STORAGE BAG SUKI
1072,CHRISTMAS LIGHTS 10 VINTAGE BAUBLES
1073,BABUSHKA LIGHTS STRING OF 10
1074,FELTCRAFT 6 FLOWER FRIENDS
1075,RETROSPOT HEART HOT WATER BOTTLE
1076,VICTORIAN SEWING BOX SMALL 
1077,HOMEMADE JAM SCENTED CANDLES
1078,ROSES REGENCY TEACUP AND SAUCER 
1079,T-LIGHT HOLDER HANGING LACE
1080,HANGING HEART MIRROR DECORATION 
1081,LOVEBIRD HANGING DECORATION WHITE 
1082,SCOTTIE DOG HOT WATER BOTTLE
1083,HEART FILIGREE DOVE  SMALL
1084,"SWISS ROLL TOWEL, CHOCOLATE  SPOTS"
1085,CREAM SLICE FLANNEL CHOCOLATE SPOT 
1086,CREAM SLICE FLANNEL PINK SPOT 
1087,GREEN REGENCY TEACUP AND SAUCER
1088,EIGHT PIECE DINOSAUR SET
1089,VINTAGE HEADS AND TAILS CARD GAME 
1090,HEADS AND TAILS SPORTING FUN
1091,FELTCRAFT 6 FLOWER FRIENDS
1092,ASS COL SMALL SAND GECKO P'WEIGHT
1093,REGENCY CAKESTAND 3 TIER
1094,ENAMEL MEASURING JUG CREAM
1095,ENAMEL FIRE BUCKET CREAM
1096,12 PENCILS SMALL TUBE SKULL
1097,12 PENCIL SMALL TUBE WOODLAND
1098,BLUE PAPER PARASOL 
1099,HANGING MEDINA LANTERN SMALL
1100,RED RETROSPOT MINI CASES
1101,VICTORIAN  METAL POSTCARD SPRING
1102,METAL 4 HOOK HANGER FRENCH CHATEAU
1103,BLACK KITCHEN SCALES
1104,RED KITCHEN SCALES
1105,IVORY KITCHEN SCALES
1106,JUMBO BAG PINK VINTAGE PAISLEY
1107,JUMBO BAG RED RETROSPOT
1108,JUMBO SHOPPER VINTAGE RED PAISLEY
1109,GREY HEART HOT WATER BOTTLE
1110,SET OF 6 T-LIGHTS SANTA
1111,ROTATING SILVER ANGELS T-LIGHT HLDR
1112,MULTI COLOUR SILVER T-LIGHT HOLDER
1113,5 HOOK HANGER MAGIC TOADSTOOL
1114,3 HOOK HANGER MAGIC GARDEN
1115,5 HOOK HANGER RED MAGIC TOADSTOOL
1116,ASSORTED COLOUR LIZARD SUCTION HOOK
1117,JUMBO BAG WOODLAND ANIMALS
1118,JUMBO BAG OWLS
1119,HOT WATER BOTTLE BABUSHKA 
1120,HOMEMADE JAM SCENTED CANDLES
1121,CHILDREN'S CIRCUS PARADE MUG
1122,PACK 3 FIRE ENGINE/CAR PATCHES
1123,PICTURE DOMINOES
1124,POSTAGE
1125,CARD PSYCHEDELIC APPLES
1126,HAND WARMER OWL DESIGN
1127,PACK OF 6 BIRDY GIFT TAGS
1128,COSY HOUR GIANT TUBE MATCHES
1129,SET OF 72 GREEN PAPER DOILIES
1130,IVORY ENCHANTED FOREST PLACEMAT
1131,PACK 3 BOXES BIRD PANNETONE 
1132,PARTY CONES CANDY ASSORTED
1133,3 TIER CAKE TIN GREEN AND CREAM
1134,PACK OF 6 PANNETONE GIFT BOXES
1135,PARTY CONE CHRISTMAS DECORATION 
1136,CUPCAKE LACE PAPER SET 6
1137,JUMBO SHOPPER VINTAGE RED PAISLEY
1138,RED TOADSTOOL LED NIGHT LIGHT
1139,PACK OF 12 LONDON TISSUES 
1140,MEASURING TAPE BABUSHKA RED
1141,HAND WARMER OWL DESIGN
1142,VINTAGE PAISLEY STATIONERY SET
1143,ROUND SNACK BOXES SET OF4 WOODLAND 
1144,RIBBON REEL STRIPES DESIGN 
1145,SCANDINAVIAN REDS RIBBONS
1146,6 RIBBONS RUSTIC CHARM
1147,TRADITIONAL CHRISTMAS RIBBONS
1148,HAND WARMER OWL DESIGN
1149,HAND WARMER BIRD DESIGN
1150,PAPER CHAIN KIT VINTAGE CHRISTMAS
1151,JAM JAR WITH GREEN LID
1152,JAM MAKING SET WITH JARS
1153,RED ENCHANTED FOREST PLACEMAT
1154,IVORY ENCHANTED FOREST PLACEMAT
1155,CHILDRENS DOLLY GIRL MUG
1156,REGENCY CAKESTAND 3 TIER
1157,TOADSTOOL MONEY BOX
1158,CUPCAKE LACE PAPER SET 6
1159,PACK 3 BOXES CHRISTMAS PANNETONE
1160,PACK OF 6 PANNETONE GIFT BOXES
1161,MAKE YOUR OWN MONSOON CARD KIT
1162,MAKE YOUR OWN FLOWERPOWER CARD KIT
1163,PAPER CHAIN KIT LONDON
1164,PACK OF 6 BIRDY GIFT TAGS
1165, SET 2 TEA TOWELS I LOVE LONDON 
1166,PAPER CHAIN KIT LONDON
1167,MAKE YOUR OWN FLOWERPOWER CARD KIT
1168,MAKE YOUR OWN MONSOON CARD KIT
1169,JAM MAKING SET PRINTED
1170,JUMBO SHOPPER VINTAGE RED PAISLEY
1171,MEASURING TAPE BABUSHKA RED
1172,MEASURING TAPE BABUSHKA BLUE
1173,SET OF 72 GREEN PAPER DOILIES
1174,PENCIL CASE LIFE IS BEAUTIFUL
1175,FELTCRAFT CUSHION OWL
1176,FELTCRAFT CUSHION RABBIT
1177,WOODEN ROUNDERS GARDEN SET 
1178,CHILDS BREAKFAST SET DOLLY GIRL 
1179,CHILDS BREAKFAST SET SPACEBOY 
1180,3 TIER CAKE TIN GREEN AND CREAM
1181,ROSE COTTAGE KEEPSAKE BOX 
1182,CAKE PLATE LOVEBIRD WHITE
1183,WOODEN ADVENT CALENDAR RED
1184,STAR PORTABLE TABLE LIGHT 
1185,GREEN CHRISTMAS TREE CARD HOLDER
1186,STRING OF STARS CARD HOLDER
1187,SET/12 TAPER CANDLES
1188,VICTORIAN SEWING BOX LARGE
1189,MINT KITCHEN SCALES
1190,WHITE WOOD GARDEN PLANT LADDER
1191,GLASS JAR ENGLISH CONFECTIONERY
1192,GLASS JAR DIGESTIVE BISCUITS
1193,MILK BOTTLE WITH GLASS STOPPER 
1194,ROSES REGENCY TEACUP AND SAUCER 
1195,VINTAGE BILLBOARD DRINK ME MUG
1196,CHRISTMAS LIGHTS 10 REINDEER
1197,WELCOME  WOODEN BLOCK LETTERS
1198,REGENCY CAKESTAND 3 TIER
1199,SET/4 MODERN VINTAGE COTTON NAPKINS